"Image","Ncars","City","Date"
"Alchevsk_apr_2021_25",239,"Alchevsk","apr_2021_25"
"Alchevsk_apr_2022_27",2476,"Alchevsk","apr_2022_27"
"Alchevsk_aug_2019_24",611,"Alchevsk","aug_2019_24"
"Alchevsk_aug_2020_23",113,"Alchevsk","aug_2020_23"
"Alchevsk_aug_2021_07",2739,"Alchevsk","aug_2021_07"
"Alchevsk_aug_2021_09",1029,"Alchevsk","aug_2021_09"
"Alchevsk_aug_2021_25",142,"Alchevsk","aug_2021_25"
"Alchevsk_dec_2019_02",70,"Alchevsk","dec_2019_02"
"Alchevsk_dec_2019_16",49,"Alchevsk","dec_2019_16"
"Alchevsk_dec_2021_20",96,"Alchevsk","dec_2021_20"
"Alchevsk_dec_2021_22",30,"Alchevsk","dec_2021_22"
"Alchevsk_feb_2020_10",1162,"Alchevsk","feb_2020_10"
"Alchevsk_feb_2021_23",866,"Alchevsk","feb_2021_23"
"Alchevsk_feb_2022_13",387,"Alchevsk","feb_2022_13"
"Alchevsk_jan_2022_08",1093,"Alchevsk","jan_2022_08"
"Alchevsk_jan_2022_21",17,"Alchevsk","jan_2022_21"
"Alchevsk_jul_2019_03",1260,"Alchevsk","jul_2019_03"
"Alchevsk_jul_2019_28",1484,"Alchevsk","jul_2019_28"
"Alchevsk_jul_2019_29",39,"Alchevsk","jul_2019_29"
"Alchevsk_jul_2020_26",818,"Alchevsk","jul_2020_26"
"Alchevsk_jul_2021_02",101,"Alchevsk","jul_2021_02"
"Alchevsk_jul_2021_10",832,"Alchevsk","jul_2021_10"
"Alchevsk_jul_2021_12",3954,"Alchevsk","jul_2021_12"
"Alchevsk_jul_2021_27",730,"Alchevsk","jul_2021_27"
"Alchevsk_jul_2022_15",173,"Alchevsk","jul_2022_15"
"Alchevsk_jun_2021_27",85,"Alchevsk","jun_2021_27"
"Alchevsk_jun_2021_30",1078,"Alchevsk","jun_2021_30"
"Alchevsk_jun_2022_12",2242,"Alchevsk","jun_2022_12"
"Alchevsk_mar_2019_05",125,"Alchevsk","mar_2019_05"
"Alchevsk_mar_2019_14",336,"Alchevsk","mar_2019_14"
"Alchevsk_may_2019_29",950,"Alchevsk","may_2019_29"
"Alchevsk_may_2021_29",3802,"Alchevsk","may_2021_29"
"Alchevsk_may_2021_31",857,"Alchevsk","may_2021_31"
"Alchevsk_may_2022_06",6260,"Alchevsk","may_2022_06"
"Alchevsk_nov_2021_07",1028,"Alchevsk","nov_2021_07"
"Alchevsk_nov_2021_18",28,"Alchevsk","nov_2021_18"
"Alchevsk_oct_2019_09",876,"Alchevsk","oct_2019_09"
"Alchevsk_oct_2020_15",19,"Alchevsk","oct_2020_15"
"Alchevsk_oct_2020_20",1123,"Alchevsk","oct_2020_20"
"Alchevsk_oct_2021_21",44,"Alchevsk","oct_2021_21"
"Alchevsk_sep_2019_12",2895,"Alchevsk","sep_2019_12"
"Alchevsk_sep_2020_20",832,"Alchevsk","sep_2020_20"
"Alchevsk_sep_2020_24",71,"Alchevsk","sep_2020_24"
"Alchevsk_sep_2021_08",1143,"Alchevsk","sep_2021_08"
"Berdychiv_feb_2019_21",604,"Berdychiv","feb_2019_21"
"Berehove_apr_2020_20",305,"Berehove","apr_2020_20"
"Berehove_aug_2022_04",294,"Berehove","aug_2022_04"
"Berehove_jan_2022_09",47,"Berehove","jan_2022_09"
"Berehove_jul_2021_17",678,"Berehove","jul_2021_17"
"Berehove_jul_2021_18",1142,"Berehove","jul_2021_18"
"Berehove_jul_2021_22",24,"Berehove","jul_2021_22"
"Berehove_jul_2022_10",218,"Berehove","jul_2022_10"
"Berehove_jul_2022_16",208,"Berehove","jul_2022_16"
"Berehove_jun_2019_10",461,"Berehove","jun_2019_10"
"Berehove_mar_2022_03",1,"Berehove","mar_2022_03"
"Berehove_mar_2022_27",1412,"Berehove","mar_2022_27"
"Berehove_may_2021_21",148,"Berehove","may_2021_21"
"Berehove_may_2021_24",130,"Berehove","may_2021_24"
"Berehove_may_2022_03",42,"Berehove","may_2022_03"
"Berehove_may_2022_12",492,"Berehove","may_2022_12"
"Berehove_may_2022_14",532,"Berehove","may_2022_14"
"Bila-Tserkva_apr_2019_03",4199,"Bila-Tserkva","apr_2019_03"
"Bila-Tserkva_apr_2019_10",11024,"Bila-Tserkva","apr_2019_10"
"Bila-Tserkva_apr_2019_26",10086,"Bila-Tserkva","apr_2019_26"
"Bila-Tserkva_aug_2020_26",11589,"Bila-Tserkva","aug_2020_26"
"Bila-Tserkva_aug_2021_16",468,"Bila-Tserkva","aug_2021_16"
"Bila-Tserkva_aug_2022_28",4512,"Bila-Tserkva","aug_2022_28"
"Bila-Tserkva_aug_2022_30",14059,"Bila-Tserkva","aug_2022_30"
"Bila-Tserkva_jan_2019_25",507,"Bila-Tserkva","jan_2019_25"
"Bila-Tserkva_jul_2022_06",10350,"Bila-Tserkva","jul_2022_06"
"Bila-Tserkva_jun_2019_11",1284,"Bila-Tserkva","jun_2019_11"
"Bila-Tserkva_jun_2019_18",12083,"Bila-Tserkva","jun_2019_18"
"Bila-Tserkva_jun_2022_30",3006,"Bila-Tserkva","jun_2022_30"
"Bila-Tserkva_mar_2019_03",7904,"Bila-Tserkva","mar_2019_03"
"Bila-Tserkva_mar_2021_30",13973,"Bila-Tserkva","mar_2021_30"
"Bila-Tserkva_may_2022_12",9153,"Bila-Tserkva","may_2022_12"
"Bila-Tserkva_nov_2021_13",7988,"Bila-Tserkva","nov_2021_13"
"Bila-Tserkva_oct_2020_14",198,"Bila-Tserkva","oct_2020_14"
"Bila-Tserkva_oct_2020_27",5003,"Bila-Tserkva","oct_2020_27"
"Bila-Tserkva_oct_2021_01",2913,"Bila-Tserkva","oct_2021_01"
"Bila-Tserkva_oct_2021_26",3196,"Bila-Tserkva","oct_2021_26"
"Cherkasy_apr_2020_18",7182,"Cherkasy","apr_2020_18"
"Cherkasy_aug_2021_15",14449,"Cherkasy","aug_2021_15"
"Cherkasy_aug_2022_21",5006,"Cherkasy","aug_2022_21"
"Cherkasy_feb_2020_19",292,"Cherkasy","feb_2020_19"
"Cherkasy_jan_2019_09",4,"Cherkasy","jan_2019_09"
"Cherkasy_jul_2022_21",17215,"Cherkasy","jul_2022_21"
"Cherkasy_jun_2021_24",10076,"Cherkasy","jun_2021_24"
"Cherkasy_mar_2019_18",229,"Cherkasy","mar_2019_18"
"Cherkasy_mar_2021_30",21631,"Cherkasy","mar_2021_30"
"Cherkasy_may_2019_30",23754,"Cherkasy","may_2019_30"
"Cherkasy_nov_2021_11",20834,"Cherkasy","nov_2021_11"
"Cherkasy_nov_2021_12",97,"Cherkasy","nov_2021_12"
"Cherkasy_sep_2020_19",14002,"Cherkasy","sep_2020_19"
"Chernihiv_apr_2019_03",22124,"Chernihiv","apr_2019_03"
"Chernihiv_apr_2022_28",7665,"Chernihiv","apr_2022_28"
"Chernihiv_aug_2019_07",4074,"Chernihiv","aug_2019_07"
"Chernihiv_aug_2019_19",3825,"Chernihiv","aug_2019_19"
"Chernihiv_aug_2022_12",9047,"Chernihiv","aug_2022_12"
"Chernihiv_feb_2020_25",9365,"Chernihiv","feb_2020_25"
"Chernihiv_feb_2022_28",741,"Chernihiv","feb_2022_28"
"Chernihiv_jul_2019_26",5686,"Chernihiv","jul_2019_26"
"Chernihiv_jul_2022_22",9444,"Chernihiv","jul_2022_22"
"Chernihiv_jun_2019_21",3913,"Chernihiv","jun_2019_21"
"Chernihiv_jun_2020_16",18132,"Chernihiv","jun_2020_16"
"Chernihiv_mar_2020_03",8079,"Chernihiv","mar_2020_03"
"Chernihiv_mar_2021_30",26653,"Chernihiv","mar_2021_30"
"Chernihiv_mar_2022_10",2105,"Chernihiv","mar_2022_10"
"Chernihiv_mar_2022_16",1947,"Chernihiv","mar_2022_16"
"Chernihiv_mar_2022_18",4879,"Chernihiv","mar_2022_18"
"Chernihiv_mar_2022_19",3207,"Chernihiv","mar_2022_19"
"Chernihiv_mar_2022_20",5477,"Chernihiv","mar_2022_20"
"Chernihiv_mar_2022_21",1262,"Chernihiv","mar_2022_21"
"Chernihiv_mar_2022_22",965,"Chernihiv","mar_2022_22"
"Chernihiv_sep_2020_06",2278,"Chernihiv","sep_2020_06"
"Chernihiv_sep_2021_15",10404,"Chernihiv","sep_2021_15"
"Chernihiv_sep_2022_04",9677,"Chernihiv","sep_2022_04"
"Chernivtsi_aug_2020_04",324,"Chernivtsi","aug_2020_04"
"Chernivtsi_aug_2021_08",12772,"Chernivtsi","aug_2021_08"
"Chernivtsi_feb_2020_23",5397,"Chernivtsi","feb_2020_23"
"Chernivtsi_feb_2021_04",2665,"Chernivtsi","feb_2021_04"
"Chernivtsi_feb_2021_26",6455,"Chernivtsi","feb_2021_26"
"Chernivtsi_jul_2019_29",2440,"Chernivtsi","jul_2019_29"
"Chernivtsi_mar_2019_01",9827,"Chernivtsi","mar_2019_01"
"Chernivtsi_mar_2019_03",17690,"Chernivtsi","mar_2019_03"
"Chernivtsi_mar_2019_10",334,"Chernivtsi","mar_2019_10"
"Chernivtsi_mar_2021_30",9881,"Chernivtsi","mar_2021_30"
"Chernivtsi_may_2020_01",1335,"Chernivtsi","may_2020_01"
"Chernivtsi_may_2022_20",6332,"Chernivtsi","may_2022_20"
"Chernivtsi_oct_2019_10",8514,"Chernivtsi","oct_2019_10"
"Chernivtsi_sep_2020_25",1840,"Chernivtsi","sep_2020_25"
"Chernivtsi_sep_2022_19",18471,"Chernivtsi","sep_2022_19"
"Chortkiv_jul_2019_29",34,"Chortkiv","jul_2019_29"
"Chortkiv_mar_2020_29",5,"Chortkiv","mar_2020_29"
"Chortkiv_mar_2021_06",40,"Chortkiv","mar_2021_06"
"Chortkiv_may_2020_01",87,"Chortkiv","may_2020_01"
"Chortkiv_sep_2020_25",212,"Chortkiv","sep_2020_25"
"Dnipro_apr_2019_22",58292,"Dnipro","apr_2019_22"
"Dnipro_apr_2019_27",10411,"Dnipro","apr_2019_27"
"Dnipro_apr_2020_02",34368,"Dnipro","apr_2020_02"
"Dnipro_apr_2020_10",32372,"Dnipro","apr_2020_10"
"Dnipro_aug_2019_14",28539,"Dnipro","aug_2019_14"
"Dnipro_aug_2019_24",292,"Dnipro","aug_2019_24"
"Dnipro_aug_2022_10",176,"Dnipro","aug_2022_10"
"Dnipro_aug_2022_27",10180,"Dnipro","aug_2022_27"
"Dnipro_feb_2020_02",4403,"Dnipro","feb_2020_02"
"Dnipro_feb_2021_19",1857,"Dnipro","feb_2021_19"
"Dnipro_jan_2020_08",14907,"Dnipro","jan_2020_08"
"Dnipro_jan_2020_09",3,"Dnipro","jan_2020_09"
"Dnipro_jan_2020_16",10366,"Dnipro","jan_2020_16"
"Dnipro_jan_2022_13",7572,"Dnipro","jan_2022_13"
"Dnipro_jul_2019_22",29358,"Dnipro","jul_2019_22"
"Dnipro_jul_2019_24",2863,"Dnipro","jul_2019_24"
"Dnipro_jun_2021_05",46841,"Dnipro","jun_2021_05"
"Dnipro_jun_2021_30",3564,"Dnipro","jun_2021_30"
"Dnipro_mar_2020_01",2014,"Dnipro","mar_2020_01"
"Dnipro_oct_2020_08",18021,"Dnipro","oct_2020_08"
"Dnipro_oct_2021_09",731,"Dnipro","oct_2021_09"
"Dnipro_sep_2019_01",23912,"Dnipro","sep_2019_01"
"Dnipro_sep_2021_30",2794,"Dnipro","sep_2021_30"
"Donetsk_apr_2020_10",12896,"Donetsk","apr_2020_10"
"Donetsk_apr_2021_25",15705,"Donetsk","apr_2021_25"
"Donetsk_apr_2022_25",11125,"Donetsk","apr_2022_25"
"Donetsk_apr_2022_27",168,"Donetsk","apr_2022_27"
"Donetsk_aug_2020_04",12717,"Donetsk","aug_2020_04"
"Donetsk_aug_2020_18",7185,"Donetsk","aug_2020_18"
"Donetsk_dec_2019_20",175,"Donetsk","dec_2019_20"
"Donetsk_feb_2020_16",598,"Donetsk","feb_2020_16"
"Donetsk_feb_2022_15",5379,"Donetsk","feb_2022_15"
"Donetsk_jan_2020_02",840,"Donetsk","jan_2020_02"
"Donetsk_jul_2020_06",10449,"Donetsk","jul_2020_06"
"Donetsk_jul_2020_12",17,"Donetsk","jul_2020_12"
"Donetsk_jul_2021_08",10274,"Donetsk","jul_2021_08"
"Donetsk_jul_2021_13",858,"Donetsk","jul_2021_13"
"Donetsk_jul_2022_07",1377,"Donetsk","jul_2022_07"
"Donetsk_jul_2022_19",1127,"Donetsk","jul_2022_19"
"Donetsk_jul_2022_20",10693,"Donetsk","jul_2022_20"
"Donetsk_jul_2022_27",6384,"Donetsk","jul_2022_27"
"Donetsk_jul_2022_30",1435,"Donetsk","jul_2022_30"
"Donetsk_jun_2019_27",4107,"Donetsk","jun_2019_27"
"Donetsk_jun_2021_21",22548,"Donetsk","jun_2021_21"
"Donetsk_jun_2022_01",31104,"Donetsk","jun_2022_01"
"Donetsk_jun_2022_13",5196,"Donetsk","jun_2022_13"
"Donetsk_jun_2022_17",784,"Donetsk","jun_2022_17"
"Donetsk_mar_2020_17",27153,"Donetsk","mar_2020_17"
"Donetsk_mar_2022_11",1563,"Donetsk","mar_2022_11"
"Donetsk_mar_2022_18",562,"Donetsk","mar_2022_18"
"Donetsk_mar_2022_26",3325,"Donetsk","mar_2022_26"
"Donetsk_mar_2022_30",11805,"Donetsk","mar_2022_30"
"Donetsk_may_2019_20",3980,"Donetsk","may_2019_20"
"Donetsk_may_2019_27",132,"Donetsk","may_2019_27"
"Donetsk_may_2019_31",14133,"Donetsk","may_2019_31"
"Donetsk_may_2022_07",44,"Donetsk","may_2022_07"
"Donetsk_may_2022_08",345,"Donetsk","may_2022_08"
"Donetsk_nov_2019_15",77,"Donetsk","nov_2019_15"
"Donetsk_nov_2020_19",5897,"Donetsk","nov_2020_19"
"Donetsk_oct_2019_03",5111,"Donetsk","oct_2019_03"
"Donetsk_oct_2019_14",2394,"Donetsk","oct_2019_14"
"Donetsk_oct_2019_31",5075,"Donetsk","oct_2019_31"
"Donetsk_oct_2020_07",67,"Donetsk","oct_2020_07"
"Donetsk_oct_2021_16",12330,"Donetsk","oct_2021_16"
"Donetsk_oct_2021_21",5094,"Donetsk","oct_2021_21"
"Donetsk_sep_2019_24",30708,"Donetsk","sep_2019_24"
"Donetsk_sep_2019_25",174,"Donetsk","sep_2019_25"
"Donetsk_sep_2020_26",58,"Donetsk","sep_2020_26"
"Donetsk_sep_2021_14",12140,"Donetsk","sep_2021_14"
"Donetsk_sep_2021_15",2822,"Donetsk","sep_2021_15"
"Donetsk_sep_2022_02",991,"Donetsk","sep_2022_02"
"Donetsk_sep_2022_03",3563,"Donetsk","sep_2022_03"
"Drohobych_jan_2019_19",2738,"Drohobych","jan_2019_19"
"Drohobych_mar_2019_17",7463,"Drohobych","mar_2019_17"
"Drohobych_mar_2019_23",4199,"Drohobych","mar_2019_23"
"Drohobych_nov_2019_12",553,"Drohobych","nov_2019_12"
"Drohobych_nov_2020_19",2775,"Drohobych","nov_2020_19"
"Drohobych_nov_2021_13",840,"Drohobych","nov_2021_13"
"Drohobych_oct_2021_06",2366,"Drohobych","oct_2021_06"
"Hremiach_apr_2019_23",55,"Hremiach","apr_2019_23"
"Hremiach_aug_2020_23",11,"Hremiach","aug_2020_23"
"Hremiach_may_2019_03",9,"Hremiach","may_2019_03"
"Hremiach_may_2019_20",14,"Hremiach","may_2019_20"
"Ivano-Frankivsk_apr_2022_20",9129,"Ivano-Frankivsk","apr_2022_20"
"Ivano-Frankivsk_aug_2019_17",2481,"Ivano-Frankivsk","aug_2019_17"
"Ivano-Frankivsk_aug_2022_25",24731,"Ivano-Frankivsk","aug_2022_25"
"Ivano-Frankivsk_feb_2019_07",3949,"Ivano-Frankivsk","feb_2019_07"
"Ivano-Frankivsk_jan_2019_19",2936,"Ivano-Frankivsk","jan_2019_19"
"Ivano-Frankivsk_jan_2020_02",2,"Ivano-Frankivsk","jan_2020_02"
"Ivano-Frankivsk_jan_2020_25",15401,"Ivano-Frankivsk","jan_2020_25"
"Ivano-Frankivsk_jan_2022_21",6501,"Ivano-Frankivsk","jan_2022_21"
"Ivano-Frankivsk_jul_2019_21",4299,"Ivano-Frankivsk","jul_2019_21"
"Ivano-Frankivsk_jul_2020_16",4531,"Ivano-Frankivsk","jul_2020_16"
"Ivano-Frankivsk_jul_2021_25",8416,"Ivano-Frankivsk","jul_2021_25"
"Ivano-Frankivsk_jul_2022_18",1099,"Ivano-Frankivsk","jul_2022_18"
"Ivano-Frankivsk_jul_2022_21",6791,"Ivano-Frankivsk","jul_2022_21"
"Ivano-Frankivsk_mar_2021_03",9177,"Ivano-Frankivsk","mar_2021_03"
"Ivano-Frankivsk_mar_2022_21",21027,"Ivano-Frankivsk","mar_2022_21"
"Ivano-Frankivsk_may_2022_06",10229,"Ivano-Frankivsk","may_2022_06"
"Ivano-Frankivsk_may_2022_18",23023,"Ivano-Frankivsk","may_2022_18"
"Ivano-Frankivsk_nov_2019_29",9512,"Ivano-Frankivsk","nov_2019_29"
"Ivano-Frankivsk_oct_2021_22",126,"Ivano-Frankivsk","oct_2021_22"
"Kamyanets-Podilskyi_aug_2021_08",3142,"Kamyanets-Podilskyi","aug_2021_08"
"Kamyanets-Podilskyi_feb_2019_08",1557,"Kamyanets-Podilskyi","feb_2019_08"
"Kamyanets-Podilskyi_feb_2019_16",1300,"Kamyanets-Podilskyi","feb_2019_16"
"Kamyanets-Podilskyi_feb_2019_19",4753,"Kamyanets-Podilskyi","feb_2019_19"
"Kamyanets-Podilskyi_feb_2020_23",1090,"Kamyanets-Podilskyi","feb_2020_23"
"Kamyanets-Podilskyi_feb_2021_25",2530,"Kamyanets-Podilskyi","feb_2021_25"
"Kamyanets-Podilskyi_jun_2022_04",7091,"Kamyanets-Podilskyi","jun_2022_04"
"Kamyanets-Podilskyi_mar_2020_27",3881,"Kamyanets-Podilskyi","mar_2020_27"
"Kamyanets-Podilskyi_may_2021_07",8161,"Kamyanets-Podilskyi","may_2021_07"
"Katerynivka_apr_2020_04",506,"Katerynivka","apr_2020_04"
"Katerynivka_aug_2021_16",220,"Katerynivka","aug_2021_16"
"Katerynivka_feb_2020_29",1580,"Katerynivka","feb_2020_29"
"Katerynivka_jul_2020_25",1553,"Katerynivka","jul_2020_25"
"Katerynivka_mar_2019_18",4706,"Katerynivka","mar_2019_18"
"Katerynivka_mar_2019_27",2837,"Katerynivka","mar_2019_27"
"Katerynivka_sep_2020_06",77,"Katerynivka","sep_2020_06"
"Kharkiv_apr_2020_02",31948,"Kharkiv","apr_2020_02"
"Kharkiv_apr_2020_07",61672,"Kharkiv","apr_2020_07"
"Kharkiv_apr_2022_05",27091,"Kharkiv","apr_2022_05"
"Kharkiv_apr_2022_07",1571,"Kharkiv","apr_2022_07"
"Kharkiv_apr_2022_16",177,"Kharkiv","apr_2022_16"
"Kharkiv_apr_2022_22",863,"Kharkiv","apr_2022_22"
"Kharkiv_apr_2022_24",2704,"Kharkiv","apr_2022_24"
"Kharkiv_apr_2022_25",41,"Kharkiv","apr_2022_25"
"Kharkiv_aug_2021_02",58859,"Kharkiv","aug_2021_02"
"Kharkiv_aug_2022_22",35141,"Kharkiv","aug_2022_22"
"Kharkiv_feb_2021_19",1316,"Kharkiv","feb_2021_19"
"Kharkiv_feb_2022_20",20147,"Kharkiv","feb_2022_20"
"Kharkiv_jan_2021_18",1732,"Kharkiv","jan_2021_18"
"Kharkiv_jan_2022_13",23783,"Kharkiv","jan_2022_13"
"Kharkiv_jul_2021_14",70115,"Kharkiv","jul_2021_14"
"Kharkiv_jul_2021_15",42993,"Kharkiv","jul_2021_15"
"Kharkiv_jul_2022_09",30710,"Kharkiv","jul_2022_09"
"Kharkiv_jun_2019_16",4961,"Kharkiv","jun_2019_16"
"Kharkiv_jun_2020_09",76044,"Kharkiv","jun_2020_09"
"Kharkiv_jun_2020_14",13291,"Kharkiv","jun_2020_14"
"Kharkiv_jun_2021_24",24528,"Kharkiv","jun_2021_24"
"Kharkiv_jun_2022_15",12604,"Kharkiv","jun_2022_15"
"Kharkiv_mar_2020_01",40842,"Kharkiv","mar_2020_01"
"Kharkiv_mar_2022_16",382,"Kharkiv","mar_2022_16"
"Kharkiv_mar_2022_17",2216,"Kharkiv","mar_2022_17"
"Kharkiv_mar_2022_19",3325,"Kharkiv","mar_2022_19"
"Kharkiv_mar_2022_22",2293,"Kharkiv","mar_2022_22"
"Kharkiv_mar_2022_23",1254,"Kharkiv","mar_2022_23"
"Kharkiv_may_2021_22",44979,"Kharkiv","may_2021_22"
"Kharkiv_may_2021_25",84238,"Kharkiv","may_2021_25"
"Kharkiv_may_2021_28",24053,"Kharkiv","may_2021_28"
"Kharkiv_may_2022_05",22884,"Kharkiv","may_2022_05"
"Kharkiv_may_2022_08",2558,"Kharkiv","may_2022_08"
"Kharkiv_may_2022_20",45642,"Kharkiv","may_2022_20"
"Kharkiv_nov_2021_17",19254,"Kharkiv","nov_2021_17"
"Kharkiv_oct_2020_08",54818,"Kharkiv","oct_2020_08"
"Kharkiv_oct_2020_09",2093,"Kharkiv","oct_2020_09"
"Kharkiv_oct_2021_09",1305,"Kharkiv","oct_2021_09"
"Kharkiv_oct_2021_10",25712,"Kharkiv","oct_2021_10"
"Kharkiv_sep_2022_01",6479,"Kharkiv","sep_2022_01"
"Kharkiv_sep_2022_03",2343,"Kharkiv","sep_2022_03"
"Kherson_apr_2020_24",6989,"Kherson","apr_2020_24"
"Kherson_apr_2020_29",5152,"Kherson","apr_2020_29"
"Kherson_apr_2022_07",3757,"Kherson","apr_2022_07"
"Kherson_apr_2022_15",3970,"Kherson","apr_2022_15"
"Kherson_apr_2022_20",1634,"Kherson","apr_2022_20"
"Kherson_apr_2022_25",4885,"Kherson","apr_2022_25"
"Kherson_aug_2019_19",18437,"Kherson","aug_2019_19"
"Kherson_aug_2021_22",4673,"Kherson","aug_2021_22"
"Kherson_aug_2022_19",1118,"Kherson","aug_2022_19"
"Kherson_aug_2022_23",300,"Kherson","aug_2022_23"
"Kherson_aug_2022_29",2735,"Kherson","aug_2022_29"
"Kherson_jul_2019_12",15228,"Kherson","jul_2019_12"
"Kherson_jul_2022_22",3768,"Kherson","jul_2022_22"
"Kherson_mar_2021_04",16738,"Kherson","mar_2021_04"
"Kherson_mar_2022_14",274,"Kherson","mar_2022_14"
"Kherson_mar_2022_16",317,"Kherson","mar_2022_16"
"Kherson_mar_2022_31",1117,"Kherson","mar_2022_31"
"Kherson_may_2022_07",35,"Kherson","may_2022_07"
"Kherson_may_2022_08",336,"Kherson","may_2022_08"
"Kherson_nov_2021_11",21180,"Kherson","nov_2021_11"
"Kherson_sep_2020_09",4248,"Kherson","sep_2020_09"
"Kherson_sep_2022_21",1114,"Kherson","sep_2022_21"
"Khmelnytskyi_aug_2020_15",3192,"Khmelnytskyi","aug_2020_15"
"Khmelnytskyi_aug_2020_26",11507,"Khmelnytskyi","aug_2020_26"
"Khmelnytskyi_dec_2019_31",10,"Khmelnytskyi","dec_2019_31"
"Khmelnytskyi_feb_2020_07",3407,"Khmelnytskyi","feb_2020_07"
"Khmelnytskyi_feb_2021_25",5284,"Khmelnytskyi","feb_2021_25"
"Khmelnytskyi_jan_2020_08",14,"Khmelnytskyi","jan_2020_08"
"Khmelnytskyi_jan_2020_25",2277,"Khmelnytskyi","jan_2020_25"
"Khmelnytskyi_jul_2019_01",10479,"Khmelnytskyi","jul_2019_01"
"Khmelnytskyi_jul_2022_02",11719,"Khmelnytskyi","jul_2022_02"
"Khmelnytskyi_jun_2019_13",6924,"Khmelnytskyi","jun_2019_13"
"Khmelnytskyi_jun_2019_18",56,"Khmelnytskyi","jun_2019_18"
"Khmelnytskyi_jun_2020_27",90,"Khmelnytskyi","jun_2020_27"
"Khmelnytskyi_jun_2022_23",4539,"Khmelnytskyi","jun_2022_23"
"Khmelnytskyi_mar_2020_23",144,"Khmelnytskyi","mar_2020_23"
"Khmelnytskyi_may_2022_01",2584,"Khmelnytskyi","may_2022_01"
"Khmelnytskyi_may_2022_12",1559,"Khmelnytskyi","may_2022_12"
"Khmelnytskyi_nov_2019_05",9484,"Khmelnytskyi","nov_2019_05"
"Khmelnytskyi_nov_2020_23",19,"Khmelnytskyi","nov_2020_23"
"Khmelnytskyi_nov_2021_26",1878,"Khmelnytskyi","nov_2021_26"
"Khmelnytskyi_oct_2021_15",1318,"Khmelnytskyi","oct_2021_15"
"Khmelnytskyi_oct_2021_25",26867,"Khmelnytskyi","oct_2021_25"
"Khmelnytskyi_sep_2021_30",15139,"Khmelnytskyi","sep_2021_30"
"Kolomyiska_feb_2021_21",428,"Kolomyiska","feb_2021_21"
"Kolomyiska_jul_2022_26",1060,"Kolomyiska","jul_2022_26"
"Kolomyiska_nov_2021_26",3839,"Kolomyiska","nov_2021_26"
"Kolomyiska_oct_2021_25",32,"Kolomyiska","oct_2021_25"
"Kolomyiska_sep_2019_13",773,"Kolomyiska","sep_2019_13"
"Kolomyiska_sep_2022_05",1085,"Kolomyiska","sep_2022_05"
"Konotop_aug_2020_07",447,"Konotop","aug_2020_07"
"Konotop_aug_2021_16",4682,"Konotop","aug_2021_16"
"Konotop_aug_2022_05",899,"Konotop","aug_2022_05"
"Konotop_jul_2020_11",1239,"Konotop","jul_2020_11"
"Konotop_jul_2022_03",2489,"Konotop","jul_2022_03"
"Konotop_mar_2019_18",4109,"Konotop","mar_2019_18"
"Konotop_mar_2022_21",2003,"Konotop","mar_2022_21"
"Konotop_nov_2019_15",549,"Konotop","nov_2019_15"
"Kovel_feb_2021_01",3,"Kovel","feb_2021_01"
"Kovel_feb_2021_23",772,"Kovel","feb_2021_23"
"Kovel_mar_2019_20",3009,"Kovel","mar_2019_20"
"Kovel_may_2022_18",7651,"Kovel","may_2022_18"
"Kozyatyn_feb_2019_21",19,"Kozyatyn","feb_2019_21"
"Kozyatyn_may_2021_11",881,"Kozyatyn","may_2021_11"
"Kramatorsk_aug_2022_08",2932,"Kramatorsk","aug_2022_08"
"Kramatorsk_aug_2022_25",49,"Kramatorsk","aug_2022_25"
"Kramatorsk_dec_2020_08",1599,"Kramatorsk","dec_2020_08"
"Kramatorsk_jan_2022_12",2310,"Kramatorsk","jan_2022_12"
"Kramatorsk_jul_2022_24",1248,"Kramatorsk","jul_2022_24"
"Kramatorsk_jun_2019_27",6407,"Kramatorsk","jun_2019_27"
"Kramatorsk_mar_2019_30",1328,"Kramatorsk","mar_2019_30"
"Kramatorsk_may_2019_27",2354,"Kramatorsk","may_2019_27"
"Kramatorsk_may_2020_02",1468,"Kramatorsk","may_2020_02"
"Kramatorsk_nov_2019_15",643,"Kramatorsk","nov_2019_15"
"Kramatorsk_nov_2019_24",248,"Kramatorsk","nov_2019_24"
"Kramatorsk_oct_2020_15",186,"Kramatorsk","oct_2020_15"
"Kramatorsk_oct_2021_03",602,"Kramatorsk","oct_2021_03"
"Kramatorsk_sep_2020_12",1785,"Kramatorsk","sep_2020_12"
"Kramatorsk_sep_2020_15",490,"Kramatorsk","sep_2020_15"
"Kramatorsk_sep_2021_01",6464,"Kramatorsk","sep_2021_01"
"Kremenchuk_apr_2019_21",668,"Kremenchuk","apr_2019_21"
"Kremenchuk_apr_2022_07",3134,"Kremenchuk","apr_2022_07"
"Kremenchuk_aug_2019_26",78,"Kremenchuk","aug_2019_26"
"Kremenchuk_aug_2021_12",2426,"Kremenchuk","aug_2021_12"
"Kremenchuk_aug_2022_27",1807,"Kremenchuk","aug_2022_27"
"Kremenchuk_feb_2020_08",2,"Kremenchuk","feb_2020_08"
"Kremenchuk_feb_2020_17",3943,"Kremenchuk","feb_2020_17"
"Kremenchuk_feb_2022_21",6136,"Kremenchuk","feb_2022_21"
"Kremenchuk_jan_2021_17",713,"Kremenchuk","jan_2021_17"
"Kremenchuk_jan_2021_18",1158,"Kremenchuk","jan_2021_18"
"Kremenchuk_mar_2019_18",40,"Kremenchuk","mar_2019_18"
"Kremenchuk_mar_2019_21",7211,"Kremenchuk","mar_2019_21"
"Kremenchuk_mar_2021_04",15166,"Kremenchuk","mar_2021_04"
"Kremenchuk_mar_2022_17",4282,"Kremenchuk","mar_2022_17"
"Kremenchuk_oct_2019_15",11557,"Kremenchuk","oct_2019_15"
"Kremenchuk_oct_2021_04",447,"Kremenchuk","oct_2021_04"
"Kremenchuk_sep_2019_07",12148,"Kremenchuk","sep_2019_07"
"Kropyvnytskyi_aug_2019_19",7247,"Kropyvnytskyi","aug_2019_19"
"Kropyvnytskyi_aug_2019_20",719,"Kropyvnytskyi","aug_2019_20"
"Kropyvnytskyi_aug_2020_18",3491,"Kropyvnytskyi","aug_2020_18"
"Kropyvnytskyi_aug_2021_08",17240,"Kropyvnytskyi","aug_2021_08"
"Kropyvnytskyi_aug_2022_13",1915,"Kropyvnytskyi","aug_2022_13"
"Kropyvnytskyi_aug_2022_21",3930,"Kropyvnytskyi","aug_2022_21"
"Kropyvnytskyi_jan_2021_17",227,"Kropyvnytskyi","jan_2021_17"
"Kropyvnytskyi_jul_2022_21",13378,"Kropyvnytskyi","jul_2022_21"
"Kropyvnytskyi_jun_2019_18",8930,"Kropyvnytskyi","jun_2019_18"
"Kropyvnytskyi_jun_2020_10",22854,"Kropyvnytskyi","jun_2020_10"
"Kropyvnytskyi_mar_2022_23",8367,"Kropyvnytskyi","mar_2022_23"
"Kropyvnytskyi_may_2019_01",306,"Kropyvnytskyi","may_2019_01"
"Kropyvnytskyi_may_2020_13",16652,"Kropyvnytskyi","may_2020_13"
"Kropyvnytskyi_sep_2020_13",12134,"Kropyvnytskyi","sep_2020_13"
"KryvyiRih_apr_2019_20",91,"KryvyiRih","apr_2019_20"
"KryvyiRih_apr_2020_29",9600,"KryvyiRih","apr_2020_29"
"KryvyiRih_aug_2019_14",4148,"KryvyiRih","aug_2019_14"
"KryvyiRih_aug_2022_13",940,"KryvyiRih","aug_2022_13"
"KryvyiRih_aug_2022_21",690,"KryvyiRih","aug_2022_21"
"KryvyiRih_feb_2020_04",11494,"KryvyiRih","feb_2020_04"
"KryvyiRih_feb_2022_21",7983,"KryvyiRih","feb_2022_21"
"KryvyiRih_jan_2019_20",84,"KryvyiRih","jan_2019_20"
"KryvyiRih_jul_2019_05",21344,"KryvyiRih","jul_2019_05"
"KryvyiRih_jul_2022_28",10154,"KryvyiRih","jul_2022_28"
"KryvyiRih_jun_2022_08",5764,"KryvyiRih","jun_2022_08"
"KryvyiRih_mar_2021_04",12778,"KryvyiRih","mar_2021_04"
"KryvyiRih_oct_2020_25",371,"KryvyiRih","oct_2020_25"
"KryvyiRih_oct_2021_04",19745,"KryvyiRih","oct_2021_04"
"Kuchurhan_aug_2019_20",108,"Kuchurhan","aug_2019_20"
"Kuchurhan_aug_2019_31",1258,"Kuchurhan","aug_2019_31"
"Kuchurhan_aug_2021_09",1295,"Kuchurhan","aug_2021_09"
"Kuchurhan_jul_2019_29",32,"Kuchurhan","jul_2019_29"
"Kuchurhan_mar_2022_12",1521,"Kuchurhan","mar_2022_12"
"Kuchurhan_mar_2022_26",812,"Kuchurhan","mar_2022_26"
"Kuchurhan_oct_2021_24",1141,"Kuchurhan","oct_2021_24"
"Kyiv_apr_2019_03",280526,"Kyiv","apr_2019_03"
"Kyiv_apr_2022_15",104740,"Kyiv","apr_2022_15"
"Kyiv_aug_2019_06",63050,"Kyiv","aug_2019_06"
"Kyiv_aug_2019_25",91397,"Kyiv","aug_2019_25"
"Kyiv_aug_2022_24",34681,"Kyiv","aug_2022_24"
"Kyiv_dec_2019_31",5592,"Kyiv","dec_2019_31"
"Kyiv_feb_2022_20",4381,"Kyiv","feb_2022_20"
"Kyiv_feb_2022_22",9302,"Kyiv","feb_2022_22"
"Kyiv_feb_2022_28",70369,"Kyiv","feb_2022_28"
"Kyiv_jan_2021_31",169,"Kyiv","jan_2021_31"
"Kyiv_jul_2022_22",91360,"Kyiv","jul_2022_22"
"Kyiv_jul_2022_28",1919,"Kyiv","jul_2022_28"
"Kyiv_jun_2022_30",98556,"Kyiv","jun_2022_30"
"Kyiv_mar_2019_03",252886,"Kyiv","mar_2019_03"
"Kyiv_mar_2019_15",604,"Kyiv","mar_2019_15"
"Kyiv_mar_2020_03",98932,"Kyiv","mar_2020_03"
"Kyiv_mar_2020_20",7066,"Kyiv","mar_2020_20"
"Kyiv_mar_2022_10",24178,"Kyiv","mar_2022_10"
"Kyiv_mar_2022_11",4960,"Kyiv","mar_2022_11"
"Kyiv_mar_2022_14",7121,"Kyiv","mar_2022_14"
"Kyiv_mar_2022_18",15048,"Kyiv","mar_2022_18"
"Kyiv_mar_2022_19",22730,"Kyiv","mar_2022_19"
"Kyiv_mar_2022_21",1776,"Kyiv","mar_2022_21"
"Kyiv_mar_2022_25",171,"Kyiv","mar_2022_25"
"Kyiv_mar_2022_31",86332,"Kyiv","mar_2022_31"
"Kyiv_may_2022_09",2315,"Kyiv","may_2022_09"
"Kyiv_may_2022_12",100308,"Kyiv","may_2022_12"
"Kyiv_oct_2021_11",100735,"Kyiv","oct_2021_11"
"Kyiv_oct_2021_12",4053,"Kyiv","oct_2021_12"
"Kyiv_oct_2021_15",8492,"Kyiv","oct_2021_15"
"Kyiv_oct_2021_31",38312,"Kyiv","oct_2021_31"
"Kyiv_sep_2020_26",95132,"Kyiv","sep_2020_26"
"Kyiv_sep_2020_28",17353,"Kyiv","sep_2020_28"
"Kyiv_sep_2021_07",14058,"Kyiv","sep_2021_07"
"Luhansk_apr_2020_02",625,"Luhansk","apr_2020_02"
"Luhansk_apr_2020_12",621,"Luhansk","apr_2020_12"
"Luhansk_apr_2020_13",1122,"Luhansk","apr_2020_13"
"Luhansk_apr_2020_19",2,"Luhansk","apr_2020_19"
"Luhansk_apr_2020_26",1399,"Luhansk","apr_2020_26"
"Luhansk_apr_2022_19",754,"Luhansk","apr_2022_19"
"Luhansk_aug_2020_03",412,"Luhansk","aug_2020_03"
"Luhansk_aug_2020_05",751,"Luhansk","aug_2020_05"
"Luhansk_dec_2019_16",634,"Luhansk","dec_2019_16"
"Luhansk_feb_2019_24",84,"Luhansk","feb_2019_24"
"Luhansk_feb_2021_17",261,"Luhansk","feb_2021_17"
"Luhansk_feb_2022_13",400,"Luhansk","feb_2022_13"
"Luhansk_feb_2022_19",209,"Luhansk","feb_2022_19"
"Luhansk_feb_2022_20",35,"Luhansk","feb_2022_20"
"Luhansk_jan_2020_02",458,"Luhansk","jan_2020_02"
"Luhansk_jan_2021_16",682,"Luhansk","jan_2021_16"
"Luhansk_jul_2019_22",666,"Luhansk","jul_2019_22"
"Luhansk_jul_2020_04",140,"Luhansk","jul_2020_04"
"Luhansk_jul_2020_12",1407,"Luhansk","jul_2020_12"
"Luhansk_jul_2020_20",7543,"Luhansk","jul_2020_20"
"Luhansk_jul_2020_26",922,"Luhansk","jul_2020_26"
"Luhansk_jul_2021_13",6,"Luhansk","jul_2021_13"
"Luhansk_jul_2021_21",70,"Luhansk","jul_2021_21"
"Luhansk_jul_2021_27",57,"Luhansk","jul_2021_27"
"Luhansk_jul_2022_07",24,"Luhansk","jul_2022_07"
"Luhansk_jul_2022_08",7781,"Luhansk","jul_2022_08"
"Luhansk_jul_2022_12",11361,"Luhansk","jul_2022_12"
"Luhansk_jul_2022_13",7717,"Luhansk","jul_2022_13"
"Luhansk_jun_2019_02",12826,"Luhansk","jun_2019_02"
"Luhansk_jun_2019_16",64,"Luhansk","jun_2019_16"
"Luhansk_jun_2020_07",1026,"Luhansk","jun_2020_07"
"Luhansk_jun_2021_19",19626,"Luhansk","jun_2021_19"
"Luhansk_jun_2021_29",357,"Luhansk","jun_2021_29"
"Luhansk_jun_2021_30",4,"Luhansk","jun_2021_30"
"Luhansk_jun_2022_12",5,"Luhansk","jun_2022_12"
"Luhansk_mar_2019_07",22500,"Luhansk","mar_2019_07"
"Luhansk_may_2020_02",4673,"Luhansk","may_2020_02"
"Luhansk_may_2021_22",8,"Luhansk","may_2021_22"
"Luhansk_nov_2019_16",319,"Luhansk","nov_2019_16"
"Luhansk_nov_2019_21",3549,"Luhansk","nov_2019_21"
"Luhansk_oct_2019_04",880,"Luhansk","oct_2019_04"
"Luhansk_oct_2019_12",494,"Luhansk","oct_2019_12"
"Luhansk_oct_2020_04",333,"Luhansk","oct_2020_04"
"Luhansk_oct_2020_20",1040,"Luhansk","oct_2020_20"
"Luhansk_oct_2021_02",11249,"Luhansk","oct_2021_02"
"Luhansk_sep_2019_11",2401,"Luhansk","sep_2019_11"
"Luhansk_sep_2020_07",591,"Luhansk","sep_2020_07"
"Luhansk_sep_2020_13",2827,"Luhansk","sep_2020_13"
"Luhansk_sep_2020_24",720,"Luhansk","sep_2020_24"
"Lutsk_apr_2019_02",11594,"Lutsk","apr_2019_02"
"Lutsk_apr_2019_14",9316,"Lutsk","apr_2019_14"
"Lutsk_apr_2020_03",23937,"Lutsk","apr_2020_03"
"Lutsk_apr_2021_05",16924,"Lutsk","apr_2021_05"
"Lutsk_feb_2021_01",2,"Lutsk","feb_2021_01"
"Lutsk_feb_2022_14",3460,"Lutsk","feb_2022_14"
"Lutsk_jan_2019_17",52,"Lutsk","jan_2019_17"
"Lutsk_jun_2019_15",4663,"Lutsk","jun_2019_15"
"Lutsk_mar_2019_01",3641,"Lutsk","mar_2019_01"
"Lutsk_mar_2020_20",4484,"Lutsk","mar_2020_20"
"Lutsk_mar_2021_08",443,"Lutsk","mar_2021_08"
"Lutsk_mar_2022_18",1898,"Lutsk","mar_2022_18"
"Lutsk_may_2021_10",2844,"Lutsk","may_2021_10"
"Lutsk_oct_2019_13",564,"Lutsk","oct_2019_13"
"Lutsk_oct_2021_06",9280,"Lutsk","oct_2021_06"
"Lutsk_sep_2020_16",10806,"Lutsk","sep_2020_16"
"Lutsk_sep_2020_22",6582,"Lutsk","sep_2020_22"
"Lutsk_sep_2022_05",13132,"Lutsk","sep_2022_05"
"Lviv_apr_2020_09",4153,"Lviv","apr_2020_09"
"Lviv_apr_2020_10",2566,"Lviv","apr_2020_10"
"Lviv_apr_2022_25",11407,"Lviv","apr_2022_25"
"Lviv_aug_2019_02",3455,"Lviv","aug_2019_02"
"Lviv_aug_2019_21",56450,"Lviv","aug_2019_21"
"Lviv_aug_2022_25",29578,"Lviv","aug_2022_25"
"Lviv_feb_2022_14",6282,"Lviv","feb_2022_14"
"Lviv_feb_2022_24",90,"Lviv","feb_2022_24"
"Lviv_feb_2022_25",9436,"Lviv","feb_2022_25"
"Lviv_jan_2019_08",245,"Lviv","jan_2019_08"
"Lviv_jan_2019_19",1248,"Lviv","jan_2019_19"
"Lviv_jun_2022_30",18948,"Lviv","jun_2022_30"
"Lviv_mar_2020_27",10574,"Lviv","mar_2020_27"
"Lviv_mar_2022_21",32183,"Lviv","mar_2022_21"
"Lviv_mar_2022_26",3202,"Lviv","mar_2022_26"
"Lviv_may_2022_06",10950,"Lviv","may_2022_06"
"Lviv_may_2022_11",78722,"Lviv","may_2022_11"
"Lviv_may_2022_19",20323,"Lviv","may_2022_19"
"Lviv_sep_2019_09",2113,"Lviv","sep_2019_09"
"Lviv_sep_2020_22",15580,"Lviv","sep_2020_22"
"Lviv_sep_2021_05",25172,"Lviv","sep_2021_05"
"Mamalyha_apr_2022_06",96,"Mamalyha","apr_2022_06"
"Mamalyha_aug_2020_26",233,"Mamalyha","aug_2020_26"
"Mamalyha_feb_2019_16",250,"Mamalyha","feb_2019_16"
"Mamalyha_jan_2021_16",7,"Mamalyha","jan_2021_16"
"Mamalyha_jun_2020_29",202,"Mamalyha","jun_2020_29"
"Mamalyha_jun_2021_25",96,"Mamalyha","jun_2021_25"
"Mamalyha_mar_2019_10",69,"Mamalyha","mar_2019_10"
"Mamalyha_nov_2021_03",18,"Mamalyha","nov_2021_03"
"Mariupol_apr_2022_02",1,"Mariupol","apr_2022_02"
"Mariupol_apr_2022_03",988,"Mariupol","apr_2022_03"
"Mariupol_apr_2022_11",399,"Mariupol","apr_2022_11"
"Mariupol_apr_2022_30",1234,"Mariupol","apr_2022_30"
"Mariupol_aug_2019_08",7794,"Mariupol","aug_2019_08"
"Mariupol_aug_2019_12",1173,"Mariupol","aug_2019_12"
"Mariupol_aug_2022_06",877,"Mariupol","aug_2022_06"
"Mariupol_aug_2022_14",846,"Mariupol","aug_2022_14"
"Mariupol_feb_2019_14",13,"Mariupol","feb_2019_14"
"Mariupol_feb_2021_13",5453,"Mariupol","feb_2021_13"
"Mariupol_jul_2020_05",9510,"Mariupol","jul_2020_05"
"Mariupol_jul_2022_30",24,"Mariupol","jul_2022_30"
"Mariupol_jul_2022_31",579,"Mariupol","jul_2022_31"
"Mariupol_jun_2019_16",9535,"Mariupol","jun_2019_16"
"Mariupol_jun_2019_21",15186,"Mariupol","jun_2019_21"
"Mariupol_jun_2020_07",1725,"Mariupol","jun_2020_07"
"Mariupol_jun_2021_12",9837,"Mariupol","jun_2021_12"
"Mariupol_jun_2021_21",5302,"Mariupol","jun_2021_21"
"Mariupol_mar_2022_09",86,"Mariupol","mar_2022_09"
"Mariupol_mar_2022_12",83,"Mariupol","mar_2022_12"
"Mariupol_mar_2022_14",869,"Mariupol","mar_2022_14"
"Mariupol_mar_2022_18",6,"Mariupol","mar_2022_18"
"Mariupol_mar_2022_19",482,"Mariupol","mar_2022_19"
"Mariupol_mar_2022_21",59,"Mariupol","mar_2022_21"
"Mariupol_mar_2022_22",1377,"Mariupol","mar_2022_22"
"Mariupol_mar_2022_23",1573,"Mariupol","mar_2022_23"
"Mariupol_mar_2022_29",5322,"Mariupol","mar_2022_29"
"Mariupol_mar_2022_30",668,"Mariupol","mar_2022_30"
"Mariupol_may_2020_05",4740,"Mariupol","may_2020_05"
"Mariupol_may_2021_31",10,"Mariupol","may_2021_31"
"Mariupol_may_2022_06",1198,"Mariupol","may_2022_06"
"Mariupol_may_2022_07",194,"Mariupol","may_2022_07"
"Mariupol_may_2022_08",982,"Mariupol","may_2022_08"
"Mariupol_may_2022_12",2701,"Mariupol","may_2022_12"
"Mariupol_sep_2019_25",5582,"Mariupol","sep_2019_25"
"Melitopol_apr_2020_10",7453,"Melitopol","apr_2020_10"
"Melitopol_apr_2021_23",6591,"Melitopol","apr_2021_23"
"Melitopol_apr_2022_06",6332,"Melitopol","apr_2022_06"
"Melitopol_aug_2022_02",3169,"Melitopol","aug_2022_02"
"Melitopol_aug_2022_07",418,"Melitopol","aug_2022_07"
"Melitopol_feb_2019_19",3299,"Melitopol","feb_2019_19"
"Melitopol_jul_2019_05",5268,"Melitopol","jul_2019_05"
"Melitopol_jul_2021_14",8752,"Melitopol","jul_2021_14"
"Melitopol_jul_2022_27",3782,"Melitopol","jul_2022_27"
"Melitopol_jul_2022_31",430,"Melitopol","jul_2022_31"
"Melitopol_jun_2022_01",1750,"Melitopol","jun_2022_01"
"Melitopol_jun_2022_02",8492,"Melitopol","jun_2022_02"
"Melitopol_mar_2020_13",16780,"Melitopol","mar_2020_13"
"Melitopol_mar_2021_04",2364,"Melitopol","mar_2021_04"
"Melitopol_mar_2021_07",343,"Melitopol","mar_2021_07"
"Melitopol_mar_2022_20",1082,"Melitopol","mar_2022_20"
"Melitopol_mar_2022_24",12616,"Melitopol","mar_2022_24"
"Melitopol_may_2020_10",604,"Melitopol","may_2020_10"
"Melitopol_may_2020_16",1976,"Melitopol","may_2020_16"
"Melitopol_oct_2019_17",1070,"Melitopol","oct_2019_17"
"Merefa_apr_2020_07",1347,"Merefa","apr_2020_07"
"Merefa_feb_2022_20",210,"Merefa","feb_2022_20"
"Merefa_jun_2020_09",2633,"Merefa","jun_2020_09"
"Merefa_mar_2020_01",255,"Merefa","mar_2020_01"
"Merefa_oct_2019_20",3875,"Merefa","oct_2019_20"
"Merefa_oct_2020_09",86,"Merefa","oct_2020_09"
"Merefa_sep_2022_01",72,"Merefa","sep_2022_01"
"Milove_dec_2020_01",520,"Milove","dec_2020_01"
"Milove_dec_2020_09",3,"Milove","dec_2020_09"
"Milove_jan_2020_30",88,"Milove","jan_2020_30"
"Milove_jul_2020_04",323,"Milove","jul_2020_04"
"Milove_jul_2021_30",898,"Milove","jul_2021_30"
"Milove_may_2019_18",434,"Milove","may_2019_18"
"Milove_oct_2020_26",767,"Milove","oct_2020_26"
"Mykolaiv_apr_2020_08",2972,"Mykolaiv","apr_2020_08"
"Mykolaiv_apr_2020_12",6392,"Mykolaiv","apr_2020_12"
"Mykolaiv_apr_2021_24",21656,"Mykolaiv","apr_2021_24"
"Mykolaiv_aug_2019_19",1765,"Mykolaiv","aug_2019_19"
"Mykolaiv_aug_2022_13",2877,"Mykolaiv","aug_2022_13"
"Mykolaiv_dec_2020_27",1082,"Mykolaiv","dec_2020_27"
"Mykolaiv_feb_2021_05",14227,"Mykolaiv","feb_2021_05"
"Mykolaiv_feb_2022_04",9736,"Mykolaiv","feb_2022_04"
"Mykolaiv_feb_2022_27",2512,"Mykolaiv","feb_2022_27"
"Mykolaiv_jan_2020_25",1321,"Mykolaiv","jan_2020_25"
"Mykolaiv_jan_2021_17",269,"Mykolaiv","jan_2021_17"
"Mykolaiv_jul_2019_07",2463,"Mykolaiv","jul_2019_07"
"Mykolaiv_jul_2019_16",5285,"Mykolaiv","jul_2019_16"
"Mykolaiv_jul_2022_03",43,"Mykolaiv","jul_2022_03"
"Mykolaiv_jul_2022_05",413,"Mykolaiv","jul_2022_05"
"Mykolaiv_jul_2022_21",8862,"Mykolaiv","jul_2022_21"
"Mykolaiv_jul_2022_27",808,"Mykolaiv","jul_2022_27"
"Mykolaiv_jun_2019_18",20683,"Mykolaiv","jun_2019_18"
"Mykolaiv_jun_2021_19",7630,"Mykolaiv","jun_2021_19"
"Mykolaiv_mar_2019_05",9843,"Mykolaiv","mar_2019_05"
"Mykolaiv_mar_2022_13",75,"Mykolaiv","mar_2022_13"
"Mykolaiv_mar_2022_15",3254,"Mykolaiv","mar_2022_15"
"Mykolaiv_mar_2022_31",5959,"Mykolaiv","mar_2022_31"
"Mykolaiv_may_2020_21",12708,"Mykolaiv","may_2020_21"
"Mykolaiv_may_2021_27",13407,"Mykolaiv","may_2021_27"
"Mykolaiv_may_2022_09",523,"Mykolaiv","may_2022_09"
"Mykolaiv_may_2022_21",12,"Mykolaiv","may_2022_21"
"Mykolaiv_nov_2020_27",9413,"Mykolaiv","nov_2020_27"
"Mykolaiv_nov_2021_11",25782,"Mykolaiv","nov_2021_11"
"Mykolaiv_oct_2019_11",71,"Mykolaiv","oct_2019_11"
"Mykolaiv_sep_2022_06",830,"Mykolaiv","sep_2022_06"
"Mykolaiv_sep_2022_17",3733,"Mykolaiv","sep_2022_17"
"Nizhyn_apr_2020_05",1004,"Nizhyn","apr_2020_05"
"Nizhyn_aug_2020_15",807,"Nizhyn","aug_2020_15"
"Nizhyn_aug_2020_16",517,"Nizhyn","aug_2020_16"
"Nizhyn_jun_2019_21",2034,"Nizhyn","jun_2019_21"
"Nizhyn_jun_2019_24",4427,"Nizhyn","jun_2019_24"
"Nizhyn_mar_2019_13",1707,"Nizhyn","mar_2019_13"
"Nizhyn_mar_2022_16",53,"Nizhyn","mar_2022_16"
"Nizhyn_may_2019_30",1535,"Nizhyn","may_2019_30"
"Nizhyn_sep_2021_13",1244,"Nizhyn","sep_2021_13"
"Odessa_apr_2020_19",29613,"Odessa","apr_2020_19"
"Odessa_apr_2020_20",65189,"Odessa","apr_2020_20"
"Odessa_aug_2019_11",65432,"Odessa","aug_2019_11"
"Odessa_aug_2019_14",93447,"Odessa","aug_2019_14"
"Odessa_aug_2019_17",9908,"Odessa","aug_2019_17"
"Odessa_aug_2021_15",105640,"Odessa","aug_2021_15"
"Odessa_aug_2021_28",66356,"Odessa","aug_2021_28"
"Odessa_aug_2022_17",33234,"Odessa","aug_2022_17"
"Odessa_dec_2021_03",7974,"Odessa","dec_2021_03"
"Odessa_feb_2020_02",15558,"Odessa","feb_2020_02"
"Odessa_feb_2021_05",19646,"Odessa","feb_2021_05"
"Odessa_feb_2022_26",38833,"Odessa","feb_2022_26"
"Odessa_jan_2019_17",10644,"Odessa","jan_2019_17"
"Odessa_jan_2020_11",10999,"Odessa","jan_2020_11"
"Odessa_jan_2020_14",20862,"Odessa","jan_2020_14"
"Odessa_jul_2019_25",43752,"Odessa","jul_2019_25"
"Odessa_jul_2021_09",54101,"Odessa","jul_2021_09"
"Odessa_jul_2021_20",37242,"Odessa","jul_2021_20"
"Odessa_jul_2021_31",72104,"Odessa","jul_2021_31"
"Odessa_jul_2022_09",231,"Odessa","jul_2022_09"
"Odessa_jul_2022_10",36672,"Odessa","jul_2022_10"
"Odessa_jul_2022_17",30392,"Odessa","jul_2022_17"
"Odessa_jun_2019_30",98309,"Odessa","jun_2019_30"
"Odessa_jun_2021_29",32041,"Odessa","jun_2021_29"
"Odessa_jun_2022_09",24159,"Odessa","jun_2022_09"
"Odessa_mar_2020_08",102,"Odessa","mar_2020_08"
"Odessa_mar_2021_07",19287,"Odessa","mar_2021_07"
"Odessa_mar_2021_23",17811,"Odessa","mar_2021_23"
"Odessa_mar_2021_28",45529,"Odessa","mar_2021_28"
"Odessa_mar_2022_13",4846,"Odessa","mar_2022_13"
"Odessa_mar_2022_14",7303,"Odessa","mar_2022_14"
"Odessa_mar_2022_16",3863,"Odessa","mar_2022_16"
"Odessa_mar_2022_25",10799,"Odessa","mar_2022_25"
"Odessa_mar_2022_27",486,"Odessa","mar_2022_27"
"Odessa_mar_2022_30",39417,"Odessa","mar_2022_30"
"Odessa_may_2020_04",110744,"Odessa","may_2020_04"
"Odessa_may_2021_11",33367,"Odessa","may_2021_11"
"Odessa_may_2021_22",43395,"Odessa","may_2021_22"
"Odessa_may_2022_09",34151,"Odessa","may_2022_09"
"Odessa_may_2022_12",12670,"Odessa","may_2022_12"
"Odessa_may_2022_20",32413,"Odessa","may_2022_20"
"Odessa_may_2022_28",24022,"Odessa","may_2022_28"
"Odessa_nov_2020_24",27092,"Odessa","nov_2020_24"
"Odessa_nov_2020_27",3674,"Odessa","nov_2020_27"
"Odessa_oct_2020_09",54267,"Odessa","oct_2020_09"
"Odessa_oct_2021_30",37159,"Odessa","oct_2021_30"
"Odessa_sep_2020_27",29470,"Odessa","sep_2020_27"
"Odessa_sep_2021_09",72203,"Odessa","sep_2021_09"
"Odessa_sep_2022_05",23922,"Odessa","sep_2022_05"
"Odessa_sep_2022_22",7592,"Odessa","sep_2022_22"
"Odessa_sep_2022_30",1613,"Odessa","sep_2022_30"
"Oleksandriya_dec_2021_26",51,"Oleksandriya","dec_2021_26"
"Oleksandriya_feb_2020_19",649,"Oleksandriya","feb_2020_19"
"Oleksandriya_feb_2021_14",141,"Oleksandriya","feb_2021_14"
"Oleksandriya_feb_2022_21",2223,"Oleksandriya","feb_2022_21"
"Oleksandriya_jan_2019_20",4,"Oleksandriya","jan_2019_20"
"Oleksandriya_mar_2019_18",1845,"Oleksandriya","mar_2019_18"
"Oleksandriya_nov_2019_23",1,"Oleksandriya","nov_2019_23"
"Pervomaisk_apr_2019_07",2417,"Pervomaisk","apr_2019_07"
"Pervomaisk_aug_2021_08",5304,"Pervomaisk","aug_2021_08"
"Pervomaisk_aug_2021_16",761,"Pervomaisk","aug_2021_16"
"Pervomaisk_aug_2022_23",562,"Pervomaisk","aug_2022_23"
"Pervomaisk_dec_2019_07",117,"Pervomaisk","dec_2019_07"
"Pervomaisk_feb_2019_17",1853,"Pervomaisk","feb_2019_17"
"Pervomaisk_feb_2019_19",327,"Pervomaisk","feb_2019_19"
"Pervomaisk_feb_2020_19",1327,"Pervomaisk","feb_2020_19"
"Pervomaisk_jan_2020_24",264,"Pervomaisk","jan_2020_24"
"Pervomaisk_jan_2020_30",1612,"Pervomaisk","jan_2020_30"
"Pletenivka_apr_2019_21",662,"Pletenivka","apr_2019_21"
"Pletenivka_apr_2019_27",580,"Pletenivka","apr_2019_27"
"Pletenivka_aug_2020_11",112,"Pletenivka","aug_2020_11"
"Pletenivka_aug_2020_25",35,"Pletenivka","aug_2020_25"
"Pletenivka_aug_2020_27",1678,"Pletenivka","aug_2020_27"
"Pletenivka_jul_2021_28",819,"Pletenivka","jul_2021_28"
"Pletenivka_jul_2022_02",1054,"Pletenivka","jul_2022_02"
"Pletenivka_jul_2022_09",72,"Pletenivka","jul_2022_09"
"Pletenivka_jun_2022_20",57,"Pletenivka","jun_2022_20"
"Pletenivka_mar_2022_11",4,"Pletenivka","mar_2022_11"
"Pletenivka_may_2022_13",881,"Pletenivka","may_2022_13"
"Pletenivka_sep_2020_12",589,"Pletenivka","sep_2020_12"
"Poltava_dec_2021_26",4134,"Poltava","dec_2021_26"
"Poltava_feb_2020_19",2657,"Poltava","feb_2020_19"
"Poltava_feb_2021_19",1629,"Poltava","feb_2021_19"
"Poltava_feb_2022_21",25218,"Poltava","feb_2022_21"
"Poltava_jun_2021_24",3092,"Poltava","jun_2021_24"
"Poltava_nov_2019_23",3818,"Poltava","nov_2019_23"
"Poltava_oct_2019_08",22182,"Poltava","oct_2019_08"
"Poltava_oct_2019_15",10584,"Poltava","oct_2019_15"
"Poltava_oct_2019_20",8515,"Poltava","oct_2019_20"
"Porubne_apr_2022_01",438,"Porubne","apr_2022_01"
"Porubne_apr_2022_15",362,"Porubne","apr_2022_15"
"Porubne_apr_2022_21",2280,"Porubne","apr_2022_21"
"Porubne_feb_2021_26",109,"Porubne","feb_2021_26"
"Porubne_mar_2019_01",18,"Porubne","mar_2019_01"
"Porubne_mar_2019_03",44,"Porubne","mar_2019_03"
"Porubne_mar_2019_10",416,"Porubne","mar_2019_10"
"Porubne_mar_2022_15",222,"Porubne","mar_2022_15"
"Porubne_mar_2022_29",706,"Porubne","mar_2022_29"
"Porubne_mar_2022_30",76,"Porubne","mar_2022_30"
"Porubne_may_2020_01",828,"Porubne","may_2020_01"
"Porubne_may_2022_15",1573,"Porubne","may_2022_15"
"Porubne_sep_2019_02",392,"Porubne","sep_2019_02"
"Porubne_sep_2020_25",400,"Porubne","sep_2020_25"
"Rava-Ruska_apr_2020_23",68,"Rava-Ruska","apr_2020_23"
"Rava-Ruska_feb_2021_26",120,"Rava-Ruska","feb_2021_26"
"Rava-Ruska_jan_2020_07",114,"Rava-Ruska","jan_2020_07"
"Rava-Ruska_jan_2020_13",685,"Rava-Ruska","jan_2020_13"
"Rava-Ruska_jan_2020_15",134,"Rava-Ruska","jan_2020_15"
"Rava-Ruska_jan_2022_29",1101,"Rava-Ruska","jan_2022_29"
"Rava-Ruska_jun_2022_07",63,"Rava-Ruska","jun_2022_07"
"Rava-Ruska_jun_2022_18",9,"Rava-Ruska","jun_2022_18"
"Rava-Ruska_mar_2022_18",560,"Rava-Ruska","mar_2022_18"
"Rava-Ruska_mar_2022_23",15,"Rava-Ruska","mar_2022_23"
"Rava-Ruska_mar_2022_28",2182,"Rava-Ruska","mar_2022_28"
"Rava-Ruska_may_2022_17",524,"Rava-Ruska","may_2022_17"
"Rava-Ruska_may_2022_18",149,"Rava-Ruska","may_2022_18"
"Rava-Ruska_may_2022_24",109,"Rava-Ruska","may_2022_24"
"Reni_apr_2021_05",50,"Reni","apr_2021_05"
"Reni_aug_2019_17",618,"Reni","aug_2019_17"
"Reni_aug_2020_01",163,"Reni","aug_2020_01"
"Reni_aug_2020_07",1209,"Reni","aug_2020_07"
"Reni_dec_2019_06",6,"Reni","dec_2019_06"
"Reni_dec_2020_31",55,"Reni","dec_2020_31"
"Reni_feb_2020_08",5,"Reni","feb_2020_08"
"Reni_feb_2021_26",214,"Reni","feb_2021_26"
"Reni_jul_2021_28",648,"Reni","jul_2021_28"
"Reni_jun_2019_23",179,"Reni","jun_2019_23"
"Reni_jun_2021_07",34,"Reni","jun_2021_07"
"Reni_mar_2022_18",17,"Reni","mar_2022_18"
"Reni_mar_2022_24",694,"Reni","mar_2022_24"
"Reni_mar_2022_26",999,"Reni","mar_2022_26"
"Rivne_aug_2019_21",28405,"Rivne","aug_2019_21"
"Rivne_aug_2019_26",4443,"Rivne","aug_2019_26"
"Rivne_aug_2020_14",1250,"Rivne","aug_2020_14"
"Rivne_aug_2022_23",18142,"Rivne","aug_2022_23"
"Rivne_mar_2020_29",16228,"Rivne","mar_2020_29"
"Rivne_nov_2021_06",12146,"Rivne","nov_2021_06"
"Rivne_oct_2021_06",26891,"Rivne","oct_2021_06"
"Sarny_feb_2022_14",957,"Sarny","feb_2022_14"
"Sarny_feb_2022_27",1414,"Sarny","feb_2022_27"
"Sarny_jun_2019_05",1871,"Sarny","jun_2019_05"
"Sarny_sep_2020_16",1078,"Sarny","sep_2020_16"
"Shehyni_apr_2022_04",989,"Shehyni","apr_2022_04"
"Shehyni_apr_2022_10",608,"Shehyni","apr_2022_10"
"Shehyni_apr_2022_14",954,"Shehyni","apr_2022_14"
"Shehyni_jan_2019_19",172,"Shehyni","jan_2019_19"
"Shehyni_jan_2021_21",2,"Shehyni","jan_2021_21"
"Shehyni_jul_2021_25",342,"Shehyni","jul_2021_25"
"Shehyni_jun_2019_01",1317,"Shehyni","jun_2019_01"
"Shehyni_jun_2019_02",151,"Shehyni","jun_2019_02"
"Shehyni_jun_2021_04",54,"Shehyni","jun_2021_04"
"Shehyni_jun_2021_20",43,"Shehyni","jun_2021_20"
"Shehyni_jun_2021_21",1243,"Shehyni","jun_2021_21"
"Shehyni_jun_2021_22",1261,"Shehyni","jun_2021_22"
"Shehyni_jun_2021_23",6,"Shehyni","jun_2021_23"
"Shehyni_jun_2022_18",977,"Shehyni","jun_2022_18"
"Shehyni_mar_2022_12",397,"Shehyni","mar_2022_12"
"Shehyni_mar_2022_22",4,"Shehyni","mar_2022_22"
"Shehyni_mar_2022_28",1038,"Shehyni","mar_2022_28"
"Shehyni_may_2021_09",421,"Shehyni","may_2021_09"
"Shehyni_may_2021_24",445,"Shehyni","may_2021_24"
"Shehyni_may_2022_12",1886,"Shehyni","may_2022_12"
"Shehyni_sep_2019_13",518,"Shehyni","sep_2019_13"
"Smila_feb_2020_19",3118,"Smila","feb_2020_19"
"Smila_jan_2019_09",103,"Smila","jan_2019_09"
"Smila_mar_2019_18",3266,"Smila","mar_2019_18"
"Smila_nov_2021_12",4445,"Smila","nov_2021_12"
"Solotvino_apr_2022_15",4600,"Solotvino","apr_2022_15"
"Solotvino_jun_2019_10",835,"Solotvino","jun_2019_10"
"Solotvino_jun_2019_13",107,"Solotvino","jun_2019_13"
"Solotvino_jun_2021_17",536,"Solotvino","jun_2021_17"
"Solotvino_jun_2021_21",2190,"Solotvino","jun_2021_21"
"Solotvino_jun_2021_26",526,"Solotvino","jun_2021_26"
"Solotvino_mar_2022_09",1506,"Solotvino","mar_2022_09"
"Solotvino_mar_2022_12",1087,"Solotvino","mar_2022_12"
"Storozhynets_aug_2020_04",181,"Storozhynets","aug_2020_04"
"Storozhynets_aug_2021_08",114,"Storozhynets","aug_2021_08"
"Storozhynets_feb_2020_23",3,"Storozhynets","feb_2020_23"
"Storozhynets_feb_2021_04",25,"Storozhynets","feb_2021_04"
"Storozhynets_feb_2021_26",100,"Storozhynets","feb_2021_26"
"Storozhynets_mar_2019_01",681,"Storozhynets","mar_2019_01"
"Storozhynets_mar_2019_03",1198,"Storozhynets","mar_2019_03"
"Storozhynets_may_2020_01",150,"Storozhynets","may_2020_01"
"Storozhynets_oct_2019_10",142,"Storozhynets","oct_2019_10"
"Storozhynets_sep_2020_25",93,"Storozhynets","sep_2020_25"
"Sumy_apr_2019_01",12046,"Sumy","apr_2019_01"
"Sumy_aug_2022_21",16,"Sumy","aug_2022_21"
"Sumy_feb_2020_29",6050,"Sumy","feb_2020_29"
"Sumy_feb_2021_05",1,"Sumy","feb_2021_05"
"Sumy_jul_2020_25",2166,"Sumy","jul_2020_25"
"Sumy_jul_2022_08",5810,"Sumy","jul_2022_08"
"Sumy_jul_2022_27",8501,"Sumy","jul_2022_27"
"Sumy_mar_2020_25",9259,"Sumy","mar_2020_25"
"Sumy_mar_2021_28",24198,"Sumy","mar_2021_28"
"Sumy_mar_2022_06",6,"Sumy","mar_2022_06"
"Sumy_mar_2022_15",1931,"Sumy","mar_2022_15"
"Sumy_mar_2022_17",1635,"Sumy","mar_2022_17"
"Sumy_mar_2022_20",818,"Sumy","mar_2022_20"
"Sumy_mar_2022_22",2898,"Sumy","mar_2022_22"
"Sumy_mar_2022_23",6331,"Sumy","mar_2022_23"
"Sumy_may_2021_25",5326,"Sumy","may_2021_25"
"Sumy_may_2022_04",1,"Sumy","may_2022_04"
"Sumy_nov_2020_04",4,"Sumy","nov_2020_04"
"Sumy_oct_2019_15",6583,"Sumy","oct_2019_15"
"Sumy_oct_2021_01",5758,"Sumy","oct_2021_01"
"Sumy_sep_2020_19",11462,"Sumy","sep_2020_19"
"Ternopil_aug_2022_25",20925,"Ternopil","aug_2022_25"
"Ternopil_feb_2022_03",2411,"Ternopil","feb_2022_03"
"Ternopil_jan_2019_19",3032,"Ternopil","jan_2019_19"
"Ternopil_jul_2019_04",4772,"Ternopil","jul_2019_04"
"Ternopil_jul_2019_29",6590,"Ternopil","jul_2019_29"
"Ternopil_jun_2019_20",7886,"Ternopil","jun_2019_20"
"Ternopil_jun_2019_29",278,"Ternopil","jun_2019_29"
"Ternopil_mar_2020_29",7144,"Ternopil","mar_2020_29"
"Ternopil_mar_2022_22",7461,"Ternopil","mar_2022_22"
"Ternopil_mar_2022_27",12386,"Ternopil","mar_2022_27"
"Ternopil_may_2022_01",10002,"Ternopil","may_2022_01"
"Ternopil_nov_2019_05",2424,"Ternopil","nov_2019_05"
"Ternopil_oct_2019_22",13808,"Ternopil","oct_2019_22"
"Ternopil_oct_2021_06",16928,"Ternopil","oct_2021_06"
"Ternopil_sep_2020_21",17661,"Ternopil","sep_2020_21"
"Udobne_aug_2021_09",992,"Udobne","aug_2021_09"
"Udobne_jul_2019_06",1260,"Udobne","jul_2019_06"
"Udobne_jul_2021_20",410,"Udobne","jul_2021_20"
"Udobne_may_2022_08",1918,"Udobne","may_2022_08"
"Udobne_oct_2021_24",315,"Udobne","oct_2021_24"
"Udobne_sep_2019_16",649,"Udobne","sep_2019_16"
"Udobne_sep_2022_30",209,"Udobne","sep_2022_30"
"Uzhhorod_apr_2019_30",4650,"Uzhhorod","apr_2019_30"
"Uzhhorod_apr_2022_10",5493,"Uzhhorod","apr_2022_10"
"Uzhhorod_apr_2022_14",18734,"Uzhhorod","apr_2022_14"
"Uzhhorod_apr_2022_15",5184,"Uzhhorod","apr_2022_15"
"Uzhhorod_apr_2022_30",14850,"Uzhhorod","apr_2022_30"
"Uzhhorod_dec_2021_09",5703,"Uzhhorod","dec_2021_09"
"Uzhhorod_feb_2022_28",4962,"Uzhhorod","feb_2022_28"
"Uzhhorod_jul_2020_05",2864,"Uzhhorod","jul_2020_05"
"Uzhhorod_jun_2019_01",3751,"Uzhhorod","jun_2019_01"
"Uzhhorod_jun_2019_10",5154,"Uzhhorod","jun_2019_10"
"Uzhhorod_mar_2019_31",14679,"Uzhhorod","mar_2019_31"
"Uzhhorod_mar_2022_03",985,"Uzhhorod","mar_2022_03"
"Uzhhorod_mar_2022_27",14008,"Uzhhorod","mar_2022_27"
"Uzhhorod_mar_2022_28",18421,"Uzhhorod","mar_2022_28"
"Uzhhorod_may_2022_12",27425,"Uzhhorod","may_2022_12"
"Uzhhorod_oct_2019_17",13938,"Uzhhorod","oct_2019_17"
"Velyki-Kopani_apr_2021_25",344,"Velyki-Kopani","apr_2021_25"
"Velyki-Kopani_apr_2022_22",128,"Velyki-Kopani","apr_2022_22"
"Velyki-Kopani_aug_2019_19",3,"Velyki-Kopani","aug_2019_19"
"Velyki-Kopani_aug_2021_22",8,"Velyki-Kopani","aug_2021_22"
"Velyki-Kopani_jul_2019_12",2,"Velyki-Kopani","jul_2019_12"
"Velyki-Kopani_jul_2022_16",1435,"Velyki-Kopani","jul_2022_16"
"Velyki-Kopani_mar_2021_04",289,"Velyki-Kopani","mar_2021_04"
"Velyki-Kopani_mar_2022_16",85,"Velyki-Kopani","mar_2022_16"
"Velyki-Kopani_may_2021_06",1185,"Velyki-Kopani","may_2021_06"
"Velyki-Kopani_may_2021_27",351,"Velyki-Kopani","may_2021_27"
"Velykodolynske_apr_2020_19",85,"Velykodolynske","apr_2020_19"
"Velykodolynske_apr_2020_20",6578,"Velykodolynske","apr_2020_20"
"Velykodolynske_aug_2019_11",7556,"Velykodolynske","aug_2019_11"
"Velykodolynske_aug_2019_14",7882,"Velykodolynske","aug_2019_14"
"Velykodolynske_aug_2019_17",188,"Velykodolynske","aug_2019_17"
"Velykodolynske_aug_2021_15",13527,"Velykodolynske","aug_2021_15"
"Velykodolynske_aug_2021_28",1081,"Velykodolynske","aug_2021_28"
"Velykodolynske_feb_2020_02",231,"Velykodolynske","feb_2020_02"
"Velykodolynske_feb_2022_26",5580,"Velykodolynske","feb_2022_26"
"Velykodolynske_jan_2019_09",6,"Velykodolynske","jan_2019_09"
"Velykodolynske_jan_2019_17",92,"Velykodolynske","jan_2019_17"
"Velykodolynske_jan_2020_11",118,"Velykodolynske","jan_2020_11"
"Velykodolynske_jan_2020_14",25,"Velykodolynske","jan_2020_14"
"Velykodolynske_jul_2019_25",3863,"Velykodolynske","jul_2019_25"
"Velykodolynske_jul_2021_20",3815,"Velykodolynske","jul_2021_20"
"Velykodolynske_jul_2021_31",8141,"Velykodolynske","jul_2021_31"
"Velykodolynske_jun_2019_30",9877,"Velykodolynske","jun_2019_30"
"Velykodolynske_jun_2021_29",712,"Velykodolynske","jun_2021_29"
"Velykodolynske_mar_2020_08",4516,"Velykodolynske","mar_2020_08"
"Velykodolynske_mar_2021_23",4584,"Velykodolynske","mar_2021_23"
"Velykodolynske_mar_2022_16",105,"Velykodolynske","mar_2022_16"
"Velykodolynske_mar_2022_27",127,"Velykodolynske","mar_2022_27"
"Velykodolynske_mar_2022_30",10,"Velykodolynske","mar_2022_30"
"Velykodolynske_may_2020_04",6939,"Velykodolynske","may_2020_04"
"Velykodolynske_may_2021_22",14,"Velykodolynske","may_2021_22"
"Velykodolynske_may_2022_12",872,"Velykodolynske","may_2022_12"
"Velykodolynske_may_2022_20",6519,"Velykodolynske","may_2022_20"
"Velykodolynske_may_2022_28",1692,"Velykodolynske","may_2022_28"
"Velykodolynske_nov_2020_27",282,"Velykodolynske","nov_2020_27"
"Velykodolynske_sep_2020_20",1655,"Velykodolynske","sep_2020_20"
"Velykodolynske_sep_2020_27",3510,"Velykodolynske","sep_2020_27"
"Velykodolynske_sep_2021_09",4708,"Velykodolynske","sep_2021_09"
"Vinnytsia_apr_2019_06",54,"Vinnytsia","apr_2019_06"
"Vinnytsia_apr_2020_03",16855,"Vinnytsia","apr_2020_03"
"Vinnytsia_aug_2019_07",30566,"Vinnytsia","aug_2019_07"
"Vinnytsia_aug_2020_26",10135,"Vinnytsia","aug_2020_26"
"Vinnytsia_aug_2022_23",13406,"Vinnytsia","aug_2022_23"
"Vinnytsia_feb_2019_21",4,"Vinnytsia","feb_2019_21"
"Vinnytsia_feb_2022_23",14532,"Vinnytsia","feb_2022_23"
"Vinnytsia_mar_2020_04",1433,"Vinnytsia","mar_2020_04"
"Vinnytsia_mar_2020_12",23912,"Vinnytsia","mar_2020_12"
"Vinnytsia_mar_2022_31",36019,"Vinnytsia","mar_2022_31"
"Vinnytsia_sep_2020_06",11430,"Vinnytsia","sep_2020_06"
"Vinnytsia_sep_2020_14",11049,"Vinnytsia","sep_2020_14"
"Zaporizhzhia_apr_2019_20",1049,"Zaporizhzhia","apr_2019_20"
"Zaporizhzhia_apr_2019_27",8681,"Zaporizhzhia","apr_2019_27"
"Zaporizhzhia_aug_2021_27",21323,"Zaporizhzhia","aug_2021_27"
"Zaporizhzhia_aug_2022_10",1754,"Zaporizhzhia","aug_2022_10"
"Zaporizhzhia_aug_2022_22",42831,"Zaporizhzhia","aug_2022_22"
"Zaporizhzhia_aug_2022_29",10826,"Zaporizhzhia","aug_2022_29"
"Zaporizhzhia_feb_2019_19",94,"Zaporizhzhia","feb_2019_19"
"Zaporizhzhia_jan_2020_23",74,"Zaporizhzhia","jan_2020_23"
"Zaporizhzhia_mar_2020_19",10805,"Zaporizhzhia","mar_2020_19"
"Zaporizhzhia_mar_2022_12",3246,"Zaporizhzhia","mar_2022_12"
"Zaporizhzhia_may_2022_06",22307,"Zaporizhzhia","may_2022_06"
"Zaporizhzhia_oct_2020_09",5141,"Zaporizhzhia","oct_2020_09"
"Zaporizhzhia_sep_2019_12",25635,"Zaporizhzhia","sep_2019_12"
"Zaporizhzhia_sep_2019_19",26468,"Zaporizhzhia","sep_2019_19"
"Zhytomyr_aug_2019_25",1599,"Zhytomyr","aug_2019_25"
"Zhytomyr_aug_2022_18",19463,"Zhytomyr","aug_2022_18"
"Zhytomyr_aug_2022_25",1085,"Zhytomyr","aug_2022_25"
"Zhytomyr_dec_2019_04",6146,"Zhytomyr","dec_2019_04"
"Zhytomyr_dec_2021_04",7170,"Zhytomyr","dec_2021_04"
"Zhytomyr_feb_2019_21",698,"Zhytomyr","feb_2019_21"
"Zhytomyr_feb_2020_06",8146,"Zhytomyr","feb_2020_06"
"Zhytomyr_feb_2022_14",119,"Zhytomyr","feb_2022_14"
"Zhytomyr_feb_2022_22",10794,"Zhytomyr","feb_2022_22"
"Zhytomyr_feb_2022_23",29,"Zhytomyr","feb_2022_23"
"Zhytomyr_jan_2019_24",4116,"Zhytomyr","jan_2019_24"
"Zhytomyr_mar_2019_23",14236,"Zhytomyr","mar_2019_23"
"Zhytomyr_may_2021_11",60,"Zhytomyr","may_2021_11"
"Zhytomyr_sep_2020_14",19117,"Zhytomyr","sep_2020_14"
"Chortkiv_mar_2021_24",0,"Chortkiv","mar_2021_24"
"Konotop_oct_2020_28",0,"Konotop","oct_2020_28"
"Kramatorsk_oct_2020_10",0,"Kramatorsk","oct_2020_10"
"Kremenchuk_jan_2019_20",0,"Kremenchuk","jan_2019_20"
"Kyiv_mar_2022_08",0,"Kyiv","mar_2022_08"
"Luhansk_mar_2020_30",0,"Luhansk","mar_2020_30"
"Merefa_jan_2021_18",0,"Merefa","jan_2021_18"
"Mykolaiv_jan_2020_30",0,"Mykolaiv","jan_2020_30"
"Odessa_jan_2019_09",0,"Odessa","jan_2019_09"
"Pervomaisk_aug_2019_01",0,"Pervomaisk","aug_2019_01"
"Pletenivka_mar_2020_17",0,"Pletenivka","mar_2020_17"
"Porubne_feb_2021_04",0,"Porubne","feb_2021_04"
"Shehyni_mar_2022_30",0,"Shehyni","mar_2022_30"
"Uzhhorod_mar_2022_19",0,"Uzhhorod","mar_2022_19"
"Zhytomyr_sep_2021_10",0,"Zhytomyr","sep_2021_10"
